{"cameraMode":{"drawMode":0,"name":"Shaded","section":"Shading Mode"},"sceneLighting":true,"audioPlay":false,"sceneViewState":{"showFog":true,"showMaterialUpdate":false,"showSkybox":true,"showFlares":true,"showImageEffects":true,"showParticleSystems":true},"in2DMode":false,"pivot":{"x":15.16409969329834,"y":-10.177372932434082,"z":1.631611704826355},"rotation":{"x":0.18891717493534089,"y":0.6501172184944153,"z":-0.17198443412780763,"w":0.7157524228096008},"size":11.546310424804688,"orthographic":false}